name,schedulable,makespan,schedulerTime
Flexray_0.5,True,0.002876514941596934,27.06535816192627
Flexray_0.51,True,0.003269808041778113,28.204639673233032
Flexray_0.52,True,0.0031374989390133105,33.148547649383545
Flexray_0.53,True,0.003126859696381889,35.64308142662048
Flexray_0.54,True,0.0032198540716881757,36.036264181137085
Flexray_0.55,True,0.0032253714099697234,46.21532416343689
Flexray_0.56,True,0.003248294410182859,39.859349966049194
Flexray_0.57,True,0.0033581866277674816,40.175740242004395
Flexray_0.58,True,0.0037203490851301264,39.31349587440491
Flexray_0.59,True,0.003384152829771805,36.55681371688843
Flexray_0.6,True,0.003509064102507639,46.58391761779785
Flexray_0.61,True,0.0037246868329962905,40.54574751853943
Flexray_0.62,True,0.003778824833460646,40.079407930374146
Flexray_0.63,True,0.0037922306180522185,37.88528823852539
Flexray_0.64,True,0.003571758243586095,35.766242027282715
Flexray_0.65,True,0.004196341300584061,47.87030482292175
Flexray_0.66,True,0.0038991247426070088,39.95921063423157
Flexray_0.67,True,0.0039814255892430634,39.92563605308533
Flexray_0.68,False,0.00416236308828174,24.889400482177734
Flexray_0.69,False,0.0041956389188713,26.732084035873413
Flexray_0.7,False,0.004153301409081885,26.23402714729309
Flexray_0.71,False,0.004161812319343421,25.357959270477295
Flexray_0.72,False,0.004189443487104217,28.173332929611206
Flexray_0.73,False,0.004165828437618226,27.759796619415283
Flexray_0.74,False,0.004183075143934197,24.255017280578613
Flexray_0.75,False,0.004184838126355395,26.07630157470703
Flexray_0.76,False,0.004193732440076778,23.31217932701111
Flexray_0.77,False,0.004156266229880581,25.178139448165894
Flexray_0.78,False,0.004185221070070909,25.007118940353394
Flexray_0.79,False,0.004161372933518634,22.924404621124268
Flexray_0.8,False,0.00408865570025439,23.34989833831787
Flexray_0.81,False,0.00416834291277653,23.936973333358765
Flexray_0.82,False,0.004140091074476893,23.866745948791504
Flexray_0.83,False,0.004173596213899542,24.84082865715027
Flexray_0.84,False,0.004153663909307256,20.93226170539856
Flexray_0.85,False,0.004174728304510709,21.154261350631714
Flexray_0.86,False,0.004148898816663391,20.977243900299072
Flexray_0.87,False,0.00419399317870791,23.209627151489258
Flexray_0.88,False,0.0041783679851105674,24.350374698638916
Flexray_0.89,False,0.00419931326454143,20.2852783203125
Flexray_0.9,False,0.004153726940100978,21.43160915374756
Flexray_0.91,False,0.004198410131060227,19.726061582565308
Flexray_0.92,False,0.00417046521585108,23.56083393096924
Flexray_0.93,False,0.004138869287850768,22.043061017990112
Flexray_0.94,False,0.004081005608683519,17.275201559066772
Flexray_0.95,False,0.004180231081833118,19.554492473602295
Flexray_0.96,False,0.004124613688715153,18.269744396209717
Flexray_0.97,False,0.0041693627226669005,21.04501247406006
Flexray_0.98,False,0.004185837260932492,20.325540781021118
Flexray_0.99,False,0.004194272342983685,20.427517890930176
Flexray_1.0,False,0.004170378712501003,18.595585107803345
NXT Motion (specialized)_0.5,False,2.7798989109625283e-05,0.9118185043334961
NXT Motion (specialized)_0.51,False,2.6852955197498158e-05,0.7519025802612305
NXT Motion (specialized)_0.52,False,2.8480646792070293e-05,0.7009737491607666
NXT Motion (specialized)_0.53,False,2.834199777498201e-05,0.6684155464172363
NXT Motion (specialized)_0.54,False,2.7353472140199147e-05,0.7219257354736328
NXT Motion (specialized)_0.55,False,2.683046643313982e-05,0.6580080986022949
NXT Motion (specialized)_0.56,False,2.7541753889371275e-05,0.704660177230835
NXT Motion (specialized)_0.57,False,2.7640175058978506e-05,0.6560513973236084
NXT Motion (specialized)_0.58,False,2.724532398524306e-05,0.7085154056549072
NXT Motion (specialized)_0.59,False,2.789095462815099e-05,0.6722192764282227
NXT Motion (specialized)_0.6,False,2.7530071616591322e-05,0.729820966720581
NXT Motion (specialized)_0.61,False,2.9112785811150896e-05,0.6428916454315186
NXT Motion (specialized)_0.62,False,2.788587444895921e-05,0.7926485538482666
NXT Motion (specialized)_0.63,False,2.9125457499065077e-05,0.6939077377319336
NXT Motion (specialized)_0.64,False,2.7457095063969075e-05,0.685443639755249
NXT Motion (specialized)_0.65,False,2.6978355689899678e-05,0.6131973266601562
NXT Motion (specialized)_0.66,False,2.7276231774916003e-05,0.7277135848999023
NXT Motion (specialized)_0.67,False,2.8654763824304056e-05,0.7264149188995361
NXT Motion (specialized)_0.68,False,3.0383636765459802e-05,0.6614696979522705
NXT Motion (specialized)_0.69,False,2.708299984856189e-05,0.5984847545623779
NXT Motion (specialized)_0.7,False,3.231597093664491e-05,0.7238986492156982
NXT Motion (specialized)_0.71,False,2.7007454537408947e-05,0.6281142234802246
NXT Motion (specialized)_0.72,False,3.063641023264239e-05,0.6238281726837158
NXT Motion (specialized)_0.73,False,3.063332558101748e-05,0.6404368877410889
NXT Motion (specialized)_0.74,False,2.857328725732831e-05,0.6539111137390137
NXT Motion (specialized)_0.75,False,2.7090262112997847e-05,0.6454029083251953
NXT Motion (specialized)_0.76,False,2.6248833834687695e-05,0.6201894283294678
NXT Motion (specialized)_0.77,False,2.9279699084629997e-05,0.6374800205230713
NXT Motion (specialized)_0.78,False,2.775049144242372e-05,0.5892326831817627
NXT Motion (specialized)_0.79,False,2.9325603548471015e-05,0.6511678695678711
NXT Motion (specialized)_0.8,False,2.827887284544926e-05,0.5468237400054932
NXT Motion (specialized)_0.81,False,2.934810126084398e-05,0.6510088443756104
NXT Motion (specialized)_0.82,False,2.5717555065203678e-05,0.5519554615020752
NXT Motion (specialized)_0.83,False,2.719781545421084e-05,0.5906856060028076
NXT Motion (specialized)_0.84,False,2.4489842503204902e-05,0.48543643951416016
NXT Motion (specialized)_0.85,False,2.992620434785167e-05,0.5857036113739014
NXT Motion (specialized)_0.86,False,2.8980711322801327e-05,0.5067996978759766
NXT Motion (specialized)_0.87,False,2.672090273787151e-05,0.5354793071746826
NXT Motion (specialized)_0.88,False,2.6385226558546445e-05,0.5407936573028564
NXT Motion (specialized)_0.89,False,2.7012543907834606e-05,0.5615818500518799
NXT Motion (specialized)_0.9,False,2.7073348965165537e-05,0.5571062564849854
NXT Motion (specialized)_0.91,False,2.744985835386027e-05,0.5457446575164795
NXT Motion (specialized)_0.92,False,2.7196465665041986e-05,0.5026261806488037
NXT Motion (specialized)_0.93,False,2.7692983112241993e-05,0.5394775867462158
NXT Motion (specialized)_0.94,False,2.6785561214853414e-05,0.4436326026916504
NXT Motion (specialized)_0.95,False,2.9820835488589824e-05,0.5535752773284912
NXT Motion (specialized)_0.96,False,2.9310119390394376e-05,0.4851372241973877
NXT Motion (specialized)_0.97,False,2.598020648107351e-05,0.5205073356628418
NXT Motion (specialized)_0.98,False,3.241345618092233e-05,0.5463781356811523
NXT Motion (specialized)_0.99,False,3.0636150587570174e-05,0.5553348064422607
NXT Motion (specialized)_1.0,False,2.8188923894865877e-05,0.5299222469329834
NXT Motion_0.5,False,3.0823387285605386e-05,0.8335518836975098
NXT Motion_0.51,False,3.1465440077075954e-05,0.7563984394073486
NXT Motion_0.52,False,3.082663830120438e-05,0.764272928237915
NXT Motion_0.53,False,3.0410421249219e-05,0.7695012092590332
NXT Motion_0.54,False,3.0484919661095496e-05,0.7680666446685791
NXT Motion_0.55,False,2.9242936461033727e-05,0.8574695587158203
NXT Motion_0.56,False,3.29795884990367e-05,0.8771636486053467
NXT Motion_0.57,False,3.131661808376337e-05,0.7532649040222168
NXT Motion_0.58,False,3.094044775685074e-05,0.7498524188995361
NXT Motion_0.59,False,3.0003059234391024e-05,0.668565034866333
NXT Motion_0.6,False,2.9477205211999363e-05,0.6675474643707275
NXT Motion_0.61,False,2.982647775356311e-05,0.8497252464294434
NXT Motion_0.62,False,3.2181843551938624e-05,0.8054599761962891
NXT Motion_0.63,False,2.951420915716448e-05,0.7438228130340576
NXT Motion_0.64,False,3.2694444852020626e-05,0.7739744186401367
NXT Motion_0.65,False,3.0929748131140623e-05,0.7585632801055908
NXT Motion_0.66,False,3.246157606740444e-05,0.7175660133361816
NXT Motion_0.67,False,3.213714899808353e-05,0.6443119049072266
NXT Motion_0.68,False,3.237690777807454e-05,0.581106424331665
NXT Motion_0.69,False,3.0352557074086682e-05,0.7254602909088135
NXT Motion_0.7,False,3.160877556113866e-05,0.737332820892334
NXT Motion_0.71,False,3.575202735994233e-05,0.8207738399505615
NXT Motion_0.72,False,2.9063846122911972e-05,0.6600897312164307
NXT Motion_0.73,False,3.044355279362401e-05,0.626051664352417
NXT Motion_0.74,False,3.1805487516408785e-05,0.6692967414855957
NXT Motion_0.75,False,3.212884622309203e-05,0.6005392074584961
NXT Motion_0.76,False,3.0237256890859698e-05,0.6948573589324951
NXT Motion_0.77,False,2.982351485967651e-05,0.5840842723846436
NXT Motion_0.78,False,3.243886169848029e-05,0.7474343776702881
NXT Motion_0.79,False,3.140508230545216e-05,0.5984857082366943
NXT Motion_0.8,False,3.2473253335382354e-05,0.6518287658691406
NXT Motion_0.81,False,3.0381997095097954e-05,0.5878148078918457
NXT Motion_0.82,False,3.313006851908012e-05,0.5836656093597412
NXT Motion_0.83,False,3.1748820940769026e-05,0.5364964008331299
NXT Motion_0.84,False,3.271968596039864e-05,0.525390625
NXT Motion_0.85,False,3.253037227043753e-05,0.5589137077331543
NXT Motion_0.86,False,3.2201221035120964e-05,0.5905930995941162
NXT Motion_0.87,False,3.155597731838254e-05,0.5564610958099365
NXT Motion_0.88,False,2.9883856447868495e-05,0.5990664958953857
NXT Motion_0.89,False,2.85990768917978e-05,0.5308797359466553
NXT Motion_0.9,False,3.391101920172233e-05,0.5640618801116943
NXT Motion_0.91,False,3.0328342397574227e-05,0.5070855617523193
NXT Motion_0.92,False,2.9663845174899624e-05,0.49157071113586426
NXT Motion_0.93,False,3.202039347909143e-05,0.5541300773620605
NXT Motion_0.94,False,3.218293139117793e-05,0.6053659915924072
NXT Motion_0.95,False,3.581072012116477e-05,0.5866210460662842
NXT Motion_0.96,False,3.0302365798446423e-05,0.5336439609527588
NXT Motion_0.97,False,3.679221710619043e-05,0.6425976753234863
NXT Motion_0.98,False,3.474828660691501e-05,0.618086576461792
NXT Motion_0.99,False,3.607545832980342e-05,0.5326671600341797
NXT Motion_0_2_200,False,4520.0643947323115,2.586144208908081
NXT Motion_0_2_205,False,4554.794044221795,2.472285270690918
NXT Motion_0_2_210,False,4515.745226743372,2.560797691345215
NXT Motion_0_2_215,False,4500.922417657638,2.5428543090820312
NXT Motion_0_2_220,False,4526.200615157378,2.5817110538482666
NXT Motion_0_2_225,False,4512.863617872235,2.5046749114990234
NXT Motion_0_2_230,False,4495.256918084509,2.5325944423675537
NXT Motion_0_2_235,False,4522.710691884245,2.436502456665039
NXT Motion_0_2_240,False,4516.588062582746,2.607687473297119
NXT Motion_0_2_245,False,4584.144461156432,2.4388372898101807
NXT Motion_0_2_250,False,4508.336589840572,2.6555957794189453
NXT Motion_0_3_200,False,2996.791072009882,2.08117413520813
NXT Motion_0_3_205,False,3023.065078499758,2.0686075687408447
NXT Motion_0_3_210,False,3020.3066577022255,2.1300747394561768
NXT Motion_0_3_215,False,3006.182460761995,2.079360008239746
NXT Motion_0_3_220,False,3029.4444592867717,2.218402862548828
NXT Motion_0_3_225,False,3001.815432796335,2.1357109546661377
NXT Motion_0_3_230,False,3000.0540705561452,2.175542116165161
NXT Motion_0_3_235,False,3027.7079639577632,2.186880350112915
NXT Motion_0_3_240,False,3027.8768125704228,2.038867712020874
NXT Motion_0_3_245,False,3044.1718355474495,1.993619441986084
NXT Motion_0_3_250,False,3009.177018688088,2.4047257900238037
NXT Motion_0_4_200,False,2266.077388186869,1.942906379699707
NXT Motion_0_4_205,False,2305.7738184877917,1.9398679733276367
NXT Motion_0_4_210,False,2277.2386723177115,2.000251054763794
NXT Motion_0_4_215,False,2256.2920494036757,1.9586777687072754
NXT Motion_0_4_220,False,2232.9446123596267,1.9644536972045898
NXT Motion_0_4_225,False,2275.135503891469,1.8471603393554688
NXT Motion_0_4_230,False,2256.4925014717387,1.830052137374878
NXT Motion_0_4_235,False,2274.392410991634,2.041198492050171
NXT Motion_0_4_240,False,2339.36282108723,2.0165507793426514
NXT Motion_0_4_245,False,2259.1476977666316,1.9960484504699707
NXT Motion_0_4_250,False,2286.446419359375,1.908231258392334
NXT Motion_0_5_200,False,1816.1653472586172,1.9248731136322021
NXT Motion_0_5_205,False,1838.4070723565012,2.0459485054016113
NXT Motion_0_5_210,False,1819.728955812599,1.6685256958007812
NXT Motion_0_5_215,False,1813.5712628805213,1.9080140590667725
NXT Motion_0_5_220,False,1803.8715409101285,1.8821110725402832
NXT Motion_0_5_225,False,1821.110559542395,1.9281423091888428
NXT Motion_0_5_230,False,1818.5833554702972,1.7043688297271729
NXT Motion_0_5_235,False,1829.5012006326804,1.829371690750122
NXT Motion_0_5_240,False,1823.575370653038,1.772686243057251
NXT Motion_0_5_245,False,1823.5945843817367,1.8203163146972656
NXT Motion_0_5_250,False,1815.6386510943787,1.9011332988739014
NXT Motion_1.0,False,3.033620689678328e-05,0.5413565635681152
NXT Motion_10_2_200,False,4541.43102831416,2.444279432296753
NXT Motion_10_2_205,False,4582.493590700888,2.510054349899292
NXT Motion_10_2_210,False,4595.3577504698405,2.571826696395874
NXT Motion_10_2_215,False,4666.2232532921735,2.6677756309509277
NXT Motion_10_2_220,False,4508.861110903476,2.5289113521575928
NXT Motion_10_2_225,False,4509.040843718583,2.718250274658203
NXT Motion_10_2_230,False,4517.47442195429,2.588677406311035
NXT Motion_10_2_235,False,4672.825092869021,2.7080976963043213
NXT Motion_10_2_240,False,4550.42965549255,2.4407455921173096
NXT Motion_10_2_245,False,4510.017067634577,2.5131936073303223
NXT Motion_10_2_250,False,4521.794508933572,2.3743014335632324
NXT Motion_10_3_200,False,3001.6764934309394,2.2495999336242676
NXT Motion_10_3_205,False,2998.3332458589557,2.176448106765747
NXT Motion_10_3_210,False,3000.1345657368174,2.269090175628662
NXT Motion_10_3_215,False,3019.392742406817,2.098259925842285
NXT Motion_10_3_220,False,3033.012138369184,2.172010660171509
NXT Motion_10_3_225,False,3009.683643033506,2.0674941539764404
NXT Motion_10_3_230,False,3018.8631007492927,2.141805410385132
NXT Motion_10_3_235,False,3045.2703867617556,2.1804561614990234
NXT Motion_10_3_240,False,3007.262559008586,2.205251932144165
NXT Motion_10_3_245,False,3011.1728622714127,2.231886386871338
NXT Motion_10_3_250,False,3094.940389318954,2.3567593097686768
NXT Motion_10_4_200,False,2260.631227185091,1.9202303886413574
NXT Motion_10_4_205,False,2259.926798948174,2.1297390460968018
NXT Motion_10_4_210,False,2231.6002397611464,1.8704345226287842
NXT Motion_10_4_215,False,2259.0310777040854,2.0036773681640625
NXT Motion_10_4_220,False,2273.922713887294,2.1065707206726074
NXT Motion_10_4_225,False,2304.3056863627025,1.9762153625488281
NXT Motion_10_4_230,False,2254.223636912194,1.927717924118042
NXT Motion_10_4_235,False,2253.4858442308287,1.898104190826416
NXT Motion_10_4_240,False,2250.6778709200084,1.9645967483520508
NXT Motion_10_4_245,False,2254.3936133971224,1.8868260383605957
NXT Motion_10_4_250,False,2253.405185290992,1.957303524017334
NXT Motion_10_5_200,False,1935.2722376407382,2.039062261581421
NXT Motion_10_5_205,False,1810.3399556824731,1.8512992858886719
NXT Motion_10_5_210,False,1807.9116364618196,1.6465582847595215
NXT Motion_10_5_215,False,1789.1672171433581,1.9676566123962402
NXT Motion_10_5_220,False,1830.9105284588609,1.9288051128387451
NXT Motion_10_5_225,False,1891.8075088747185,1.7996242046356201
NXT Motion_10_5_230,False,1817.8697343347437,1.9186277389526367
NXT Motion_10_5_235,False,1812.5358003773163,1.7415657043457031
NXT Motion_10_5_240,False,1848.136563663792,1.9180128574371338
NXT Motion_10_5_245,False,1806.861595739049,1.8500895500183105
NXT Motion_10_5_250,False,1799.6391212993553,1.9206361770629883
NXT Motion_11_2_200,False,4530.469692207903,2.5562822818756104
NXT Motion_11_2_205,False,4544.688744291404,2.613384485244751
NXT Motion_11_2_210,False,4563.669081900264,2.443345308303833
NXT Motion_11_2_215,False,4509.4598051385365,2.3474249839782715
NXT Motion_11_2_220,False,4519.6705620317725,2.581244945526123
NXT Motion_11_2_225,False,4509.757494418644,2.4412498474121094
NXT Motion_11_2_230,False,4504.453468343869,2.688326835632324
NXT Motion_11_2_235,False,4508.503414340325,2.4690122604370117
NXT Motion_11_2_240,False,4510.856800939259,2.572751522064209
NXT Motion_11_2_245,False,4559.362961602924,2.707702875137329
NXT Motion_11_2_250,False,4500.873483023909,2.4857475757598877
NXT Motion_11_3_200,False,3001.8030395904416,2.1298129558563232
NXT Motion_11_3_205,False,3053.7432943563326,2.161992073059082
NXT Motion_11_3_210,False,3020.021320816675,2.225757360458374
NXT Motion_11_3_215,False,3039.416490451373,2.0468711853027344
NXT Motion_11_3_220,False,3052.311444613159,2.2425873279571533
NXT Motion_11_3_225,False,3067.196835828308,2.072946548461914
NXT Motion_11_3_230,False,3015.279143768859,2.158733606338501
NXT Motion_11_3_235,False,3029.9416368258144,2.2001748085021973
NXT Motion_11_3_240,False,3069.0162857964465,2.395808219909668
NXT Motion_11_3_245,False,3009.303406410917,2.2893192768096924
NXT Motion_11_3_250,False,3133.7415775634067,2.2360143661499023
NXT Motion_11_4_200,False,2302.6743406775518,2.0557143688201904
NXT Motion_11_4_205,False,2272.017631819087,2.0399010181427
NXT Motion_11_4_210,False,2283.366496321583,2.0525131225585938
NXT Motion_11_4_215,False,2336.420474394437,1.93215012550354
NXT Motion_11_4_220,False,2254.525196062787,1.9247441291809082
NXT Motion_11_4_225,False,2262.5521336444,1.9647927284240723
NXT Motion_11_4_230,False,2288.434911980236,1.9245638847351074
NXT Motion_11_4_235,False,2259.6781513132023,1.9146130084991455
NXT Motion_11_4_240,False,2361.8957894153987,2.08959698677063
NXT Motion_11_4_245,False,2257.510027874994,2.0036256313323975
NXT Motion_11_4_250,False,2267.1886735504463,2.140955924987793
NXT Motion_11_5_200,False,1830.87786192126,1.8868443965911865
NXT Motion_11_5_205,False,1807.0066774470001,1.8842594623565674
NXT Motion_11_5_210,False,1821.7373340039046,1.7816741466522217
NXT Motion_11_5_215,False,1876.8344730950828,2.0045104026794434
NXT Motion_11_5_220,False,1791.4060640036278,1.7780003547668457
NXT Motion_11_5_225,False,1814.5932296237684,2.012068748474121
NXT Motion_11_5_230,False,1826.7163514693757,1.8442142009735107
NXT Motion_11_5_235,False,1808.1361880594106,1.7727625370025635
NXT Motion_11_5_240,False,1834.3748995680617,1.847996711730957
NXT Motion_11_5_245,False,1825.9489375496903,1.9713714122772217
NXT Motion_11_5_250,False,1803.3584220814644,1.9517290592193604
NXT Motion_12_2_200,False,4560.335753668445,2.863661527633667
NXT Motion_12_2_205,False,4506.8813716669165,2.565904140472412
NXT Motion_12_2_210,False,4511.280117535276,2.3514492511749268
NXT Motion_12_2_215,False,4613.9622369651925,2.5389842987060547
NXT Motion_12_2_220,False,4532.931856929606,2.249054431915283
NXT Motion_12_2_225,False,4557.936126789586,2.690671920776367
NXT Motion_12_2_230,False,4506.1411792303015,2.622738838195801
NXT Motion_12_2_235,False,4506.259256525845,2.4259817600250244
NXT Motion_12_2_240,False,4522.65620895914,2.6186153888702393
NXT Motion_12_2_245,False,4537.977344748583,2.52066707611084
NXT Motion_12_2_250,False,4535.210912642378,2.4544246196746826
NXT Motion_12_3_200,False,3056.142309761248,2.1399073600769043
NXT Motion_12_3_205,False,3033.210001730612,2.166618585586548
NXT Motion_12_3_210,False,3016.425767207016,2.177398204803467
NXT Motion_12_3_215,False,3018.0631837702713,2.3275880813598633
NXT Motion_12_3_220,False,3025.991532870599,2.070223331451416
NXT Motion_12_3_225,False,3113.3620128119783,2.1966347694396973
NXT Motion_12_3_230,False,3054.5955345675993,2.0616533756256104
NXT Motion_12_3_235,False,3054.967819722288,2.25420880317688
NXT Motion_12_3_240,False,3038.046054766875,2.241511583328247
NXT Motion_12_3_245,False,2984.7225507328344,2.1388845443725586
NXT Motion_12_3_250,False,3004.976176912315,2.336738109588623
NXT Motion_12_4_200,False,2268.960266100826,2.063082456588745
NXT Motion_12_4_205,False,2395.408170203872,2.431764841079712
NXT Motion_12_4_210,False,2260.1831573717186,2.004267454147339
NXT Motion_12_4_215,False,2300.7218491594313,2.287097930908203
NXT Motion_12_4_220,False,2287.182616659637,1.8901293277740479
NXT Motion_12_4_225,False,2265.225833573626,1.924055814743042
NXT Motion_12_4_230,False,2295.033429359924,1.9430289268493652
NXT Motion_12_4_235,False,2279.8992742454952,1.8826115131378174
NXT Motion_12_4_240,False,2285.5340435574644,1.9439082145690918
NXT Motion_12_4_245,False,2261.453872515337,2.0352184772491455
NXT Motion_12_4_250,False,2316.7812965413227,1.9515986442565918
NXT Motion_12_5_200,False,1824.2417072289702,1.9828741550445557
NXT Motion_12_5_205,False,1790.6431795727,1.857435941696167
NXT Motion_12_5_210,False,1813.0769462930034,1.8778839111328125
NXT Motion_12_5_215,False,1823.710948349136,1.9027676582336426
NXT Motion_12_5_220,False,1842.705892804519,1.8814237117767334
NXT Motion_12_5_225,False,1809.5371159045,1.8373570442199707
NXT Motion_12_5_230,False,1804.6306659445384,1.741971731185913
NXT Motion_12_5_235,False,1793.4476894473426,2.093324899673462
NXT Motion_12_5_240,False,1816.74580275636,1.861067295074463
NXT Motion_12_5_245,False,1836.628943480527,1.8202037811279297
NXT Motion_12_5_250,False,1820.171579717734,1.9024474620819092
NXT Motion_13_2_200,False,4570.874477970713,2.7701187133789062
NXT Motion_13_2_205,False,4517.718917514261,2.4300198554992676
NXT Motion_13_2_210,False,4501.680979925659,2.49299955368042
NXT Motion_13_2_215,False,4506.022232675387,2.536799907684326
NXT Motion_13_2_220,False,4546.995259710613,2.6338281631469727
NXT Motion_13_2_225,False,4595.260639431898,2.6567115783691406
NXT Motion_13_2_230,False,4493.492330924236,2.5645265579223633
NXT Motion_13_2_235,False,4500.981744017829,2.4901633262634277
NXT Motion_13_2_240,False,4487.8770794107,2.6034727096557617
NXT Motion_13_2_245,False,4535.942294114432,2.648777484893799
NXT Motion_13_2_250,False,4551.054405797062,2.3752846717834473
NXT Motion_13_3_200,False,3075.0555990206803,2.1299095153808594
NXT Motion_13_3_205,False,3012.881122097693,2.3460144996643066
NXT Motion_13_3_210,False,3049.2777550263554,2.1530940532684326
NXT Motion_13_3_215,False,3022.7630174400088,2.0264596939086914
NXT Motion_13_3_220,False,3039.1569980250842,2.203886032104492
NXT Motion_13_3_225,False,3076.8202075181457,2.2546260356903076
NXT Motion_13_3_230,False,3056.8987201487594,2.310896635055542
NXT Motion_13_3_235,False,3035.2747089355953,2.308546304702759
NXT Motion_13_3_240,False,3017.4291455777065,2.2799038887023926
NXT Motion_13_3_245,False,3009.4124458295914,2.1858580112457275
NXT Motion_13_3_250,False,3006.2690281433374,2.2545101642608643
NXT Motion_13_4_200,False,2360.5570078704873,1.9835612773895264
NXT Motion_13_4_205,False,2288.0887559752164,1.979590654373169
NXT Motion_13_4_210,False,2326.8595259274716,2.078700065612793
NXT Motion_13_4_215,False,2248.649088339298,1.9118070602416992
NXT Motion_13_4_220,False,2278.8716745693073,1.9306049346923828
NXT Motion_13_4_225,False,2291.9832515950593,2.039750576019287
NXT Motion_13_4_230,False,2305.6223537371834,1.9032509326934814
NXT Motion_13_4_235,False,2324.514891304577,2.0715715885162354
NXT Motion_13_4_240,False,2350.8540364687633,2.055850028991699
NXT Motion_13_4_245,False,2292.595289119405,2.0035438537597656
NXT Motion_13_4_250,False,2258.5063705635475,2.217972993850708
NXT Motion_13_5_200,False,1836.1767375882248,1.930081844329834
NXT Motion_13_5_205,False,1824.487446506552,1.9326858520507812
NXT Motion_13_5_210,False,1829.5041916806315,2.0286149978637695
NXT Motion_13_5_215,False,1828.4577396065135,1.8383517265319824
NXT Motion_13_5_220,False,1790.703256044624,1.6191799640655518
NXT Motion_13_5_225,False,1812.2742556655662,1.7607042789459229
NXT Motion_13_5_230,False,1837.1129044044687,2.0321106910705566
NXT Motion_13_5_235,False,1838.4892231618642,1.685002326965332
NXT Motion_13_5_240,False,1792.2679589611303,2.001478910446167
NXT Motion_13_5_245,False,1867.4923869099641,1.8371825218200684
NXT Motion_13_5_250,False,1814.4376701904011,1.8333890438079834
NXT Motion_14_2_200,False,4576.616315883111,2.454702138900757
NXT Motion_14_2_205,False,4508.391608288896,2.5160598754882812
NXT Motion_14_2_210,False,4507.876177709235,2.439685106277466
NXT Motion_14_2_215,False,4602.6474661263055,2.7211215496063232
NXT Motion_14_2_220,False,4501.954763553542,2.4174764156341553
NXT Motion_14_2_225,False,4506.108616491693,2.6456589698791504
NXT Motion_14_2_230,False,4693.935792491511,2.6028947830200195
NXT Motion_14_2_235,False,4499.767230227044,2.6586697101593018
NXT Motion_14_2_240,False,4660.925014440253,2.8676071166992188
NXT Motion_14_2_245,False,4546.785177832374,2.4144978523254395
NXT Motion_14_2_250,False,4523.372106616192,2.508331775665283
NXT Motion_14_3_200,False,3004.7509450209654,2.1755752563476562
NXT Motion_14_3_205,False,3014.629048433616,2.240981340408325
NXT Motion_14_3_210,False,3015.605373915147,2.2499983310699463
NXT Motion_14_3_215,False,2996.9168804771753,2.2063748836517334
NXT Motion_14_3_220,False,2992.024909388114,1.9744343757629395
NXT Motion_14_3_225,False,3040.656129247621,2.2139832973480225
NXT Motion_14_3_230,False,3092.650604247947,2.1861281394958496
NXT Motion_14_3_235,False,3018.929519534169,2.518071174621582
NXT Motion_14_3_240,False,2999.469392662276,2.1204745769500732
NXT Motion_14_3_245,False,3025.5552323217203,2.33286190032959
NXT Motion_14_3_250,False,3026.609196062732,2.0905370712280273
NXT Motion_14_4_200,False,2320.918414891073,1.9477362632751465
NXT Motion_14_4_205,False,2266.6193523151937,1.8523454666137695
NXT Motion_14_4_210,False,2288.461131030671,2.091130495071411
NXT Motion_14_4_215,False,2280.099387912081,2.1207115650177
NXT Motion_14_4_220,False,2253.8643067897237,1.795243501663208
NXT Motion_14_4_225,False,2257.8360367590526,2.0465219020843506
NXT Motion_14_4_230,False,2298.747565448463,2.0321204662323
NXT Motion_14_4_235,False,2261.2121744127876,2.0504825115203857
NXT Motion_14_4_240,False,2254.995539815378,1.8592963218688965
NXT Motion_14_4_245,False,2264.05041014889,2.017277240753174
NXT Motion_14_4_250,False,2278.2127200846094,1.9606554508209229
NXT Motion_14_5_200,False,1848.424101160172,1.879023790359497
NXT Motion_14_5_205,False,1860.4124256884731,1.7669086456298828
NXT Motion_14_5_210,False,1808.6166772208012,1.8137352466583252
NXT Motion_14_5_215,False,1921.2695841120792,1.9001500606536865
NXT Motion_14_5_220,False,1842.4673914121076,1.78147292137146
NXT Motion_14_5_225,False,1873.1148941145807,2.018960952758789
NXT Motion_14_5_230,False,1792.6662450474644,1.7599680423736572
NXT Motion_14_5_235,False,1878.837853661791,1.9497144222259521
NXT Motion_14_5_240,False,1805.4102011284438,1.991542100906372
NXT Motion_14_5_245,False,1817.6270128454375,1.908179521560669
NXT Motion_14_5_250,False,1833.070156895453,1.8445701599121094
NXT Motion_15_2_200,False,4579.028137995619,2.553363561630249
NXT Motion_15_2_205,False,4568.814642936838,2.8889119625091553
NXT Motion_15_2_210,False,4508.105131613416,2.990213394165039
NXT Motion_15_2_215,False,4597.549955488427,2.9221367835998535
NXT Motion_15_2_220,False,4535.936601123133,2.666452169418335
NXT Motion_15_2_225,False,4723.756605155224,2.5991458892822266
NXT Motion_15_2_230,False,4565.770638037415,2.515110731124878
NXT Motion_15_2_235,False,4508.526070779226,2.597153902053833
NXT Motion_15_2_240,False,4556.771746376381,2.627924680709839
NXT Motion_15_2_245,False,4573.671964000821,2.4911279678344727
NXT Motion_15_2_250,False,4513.0506446353265,2.4121968746185303
NXT Motion_15_3_200,False,3091.1066747877353,2.214745283126831
NXT Motion_15_3_205,False,3025.8740455651523,2.1261191368103027
NXT Motion_15_3_210,False,3015.536499414785,2.0711426734924316
NXT Motion_15_3_215,False,3008.6853626756338,2.16685152053833
NXT Motion_15_3_220,False,3030.9527130728184,2.167041540145874
NXT Motion_15_3_225,False,3017.981845666196,2.210028648376465
NXT Motion_15_3_230,False,3013.8842473750556,2.1019835472106934
NXT Motion_15_3_235,False,3099.575622805884,2.15122652053833
NXT Motion_15_3_240,False,3045.030287864693,2.283268451690674
NXT Motion_15_3_245,False,3001.7114996564223,2.1894350051879883
NXT Motion_15_3_250,False,3004.4277228184073,2.154040813446045
NXT Motion_15_4_200,False,2253.5035264804637,1.8868839740753174
NXT Motion_15_4_205,False,2236.648925919581,1.8076198101043701
NXT Motion_15_4_210,False,2264.088187736422,2.0565855503082275
NXT Motion_15_4_215,False,2265.641749088298,1.968750238418579
NXT Motion_15_4_220,False,2279.186118705826,1.990154504776001
NXT Motion_15_4_225,False,2295.244933257401,2.121799945831299
NXT Motion_15_4_230,False,2260.5998758281507,2.0084195137023926
NXT Motion_15_4_235,False,2287.737131216943,1.999878168106079
NXT Motion_15_4_240,False,2300.8000229486206,2.0372121334075928
NXT Motion_15_4_245,False,2271.572876334536,2.1399757862091064
NXT Motion_15_4_250,False,2288.6100869409506,1.9883391857147217
NXT Motion_15_5_200,False,1826.9098878805457,1.7577741146087646
NXT Motion_15_5_205,False,1832.246856002128,1.9531490802764893
NXT Motion_15_5_210,False,1839.4647594529051,1.78627610206604
NXT Motion_15_5_215,False,1863.9012820121159,1.8382885456085205
NXT Motion_15_5_220,False,1877.7499887197123,1.8759574890136719
NXT Motion_15_5_225,False,1838.6426702619947,1.8426527976989746
NXT Motion_15_5_230,False,1818.9075149371324,1.9522054195404053
NXT Motion_15_5_235,False,1821.1268708824048,1.9169220924377441
NXT Motion_15_5_240,False,1804.9098937409865,1.7980942726135254
NXT Motion_15_5_245,False,1865.8104047250654,1.853574275970459
NXT Motion_15_5_250,False,1815.4264163498617,1.8420939445495605
NXT Motion_16_2_200,False,4507.603543204972,2.418569564819336
NXT Motion_16_2_205,False,4509.263409207227,2.569751262664795
NXT Motion_16_2_210,False,4520.483428666611,2.480515718460083
NXT Motion_16_2_215,False,4546.143460524161,2.5192434787750244
NXT Motion_16_2_220,False,4579.5410196170915,2.5946531295776367
NXT Motion_16_2_225,False,4504.2286226686665,2.371438503265381
NXT Motion_16_2_230,False,4562.829057655278,2.3315653800964355
NXT Motion_16_2_235,False,4528.088549770705,2.49881649017334
NXT Motion_16_2_240,False,4533.014552279302,2.522226095199585
NXT Motion_16_2_245,False,4507.9225399875295,2.6477198600769043
NXT Motion_16_2_250,False,4525.765822986096,2.415881633758545
NXT Motion_16_3_200,False,3029.4283415440314,1.99995756149292
NXT Motion_16_3_205,False,3065.45903406443,2.2030029296875
NXT Motion_16_3_210,False,3005.239869492829,2.215886116027832
NXT Motion_16_3_215,False,3185.4757749368164,2.6403183937072754
NXT Motion_16_3_220,False,3055.5795116362765,2.3195762634277344
NXT Motion_16_3_225,False,3043.0805909142177,2.0637881755828857
NXT Motion_16_3_230,False,2977.7896496819444,2.23510479927063
NXT Motion_16_3_235,False,3027.4008531096056,2.074911117553711
NXT Motion_16_3_240,False,2999.8959704758904,2.1727864742279053
NXT Motion_16_3_245,False,3015.2252485288172,2.0609052181243896
NXT Motion_16_3_250,False,3055.7096234286964,2.4419195652008057
NXT Motion_16_4_200,False,2277.855342169862,2.0578722953796387
NXT Motion_16_4_205,False,2279.8254041754,1.9466862678527832
NXT Motion_16_4_210,False,2298.1292828993664,1.9422399997711182
NXT Motion_16_4_215,False,2293.604740696361,1.9113199710845947
NXT Motion_16_4_220,False,2253.5229378128583,1.847015380859375
NXT Motion_16_4_225,False,2280.663818320389,2.064157724380493
NXT Motion_16_4_230,False,2262.3904165134554,2.113304853439331
NXT Motion_16_4_235,False,2271.7339474704513,1.9876530170440674
NXT Motion_16_4_240,False,2294.0674496835254,2.020691156387329
NXT Motion_16_4_245,False,2250.321235059321,1.9782428741455078
NXT Motion_16_4_250,False,2284.9506973535626,2.1126887798309326
NXT Motion_16_5_200,False,1855.8476283001326,2.0307090282440186
NXT Motion_16_5_205,False,1854.590604214135,1.8511707782745361
NXT Motion_16_5_210,False,1815.3481972261536,2.0115764141082764
NXT Motion_16_5_215,False,1802.4920951013619,1.7796142101287842
NXT Motion_16_5_220,False,1817.2815089264152,1.860612154006958
NXT Motion_16_5_225,False,1851.6507886346535,2.0677528381347656
NXT Motion_16_5_230,False,1770.0227756386198,1.7949023246765137
NXT Motion_16_5_235,False,1819.993405918173,2.0395100116729736
NXT Motion_16_5_240,False,1815.9160426676228,1.8331739902496338
NXT Motion_16_5_245,False,1814.9367531912899,1.907641887664795
NXT Motion_16_5_250,False,1796.371955253706,1.96415114402771
NXT Motion_17_2_200,False,4535.318241884863,2.4498484134674072
NXT Motion_17_2_205,False,4512.223756362649,2.562502861022949
NXT Motion_17_2_210,False,4693.5950762817865,2.6121647357940674
NXT Motion_17_2_215,False,4606.185292837774,2.551420211791992
NXT Motion_17_2_220,False,4535.5399464998945,2.616513252258301
NXT Motion_17_2_225,False,4500.839855677571,2.4969325065612793
NXT Motion_17_2_230,False,4525.418972645929,2.401402711868286
NXT Motion_17_2_235,False,4569.25415578753,2.4153358936309814
NXT Motion_17_2_240,False,4520.769641918251,2.4729580879211426
NXT Motion_17_2_245,False,4518.852416231543,2.6437366008758545
NXT Motion_17_2_250,False,4503.582089326406,2.5680172443389893
NXT Motion_17_3_200,False,2995.1795945017425,2.242286205291748
NXT Motion_17_3_205,False,3061.5004166864733,2.0434012413024902
NXT Motion_17_3_210,False,3028.811837588416,2.0376014709472656
NXT Motion_17_3_215,False,3051.562763688021,2.187990665435791
NXT Motion_17_3_220,False,3041.94929052898,2.195361614227295
NXT Motion_17_3_225,False,3018.838134402128,2.246765375137329
NXT Motion_17_3_230,False,3034.2461213912793,2.052020311355591
NXT Motion_17_3_235,False,3009.2565881087153,2.090632200241089
NXT Motion_17_3_240,False,3030.2819345966495,2.0981557369232178
NXT Motion_17_3_245,False,3023.219076000707,2.1679675579071045
NXT Motion_17_3_250,False,3003.0403493724402,2.3205065727233887
NXT Motion_17_4_200,False,2288.2006421178617,2.065829038619995
NXT Motion_17_4_205,False,2329.8697160383335,2.05918025970459
NXT Motion_17_4_210,False,2284.928450300596,1.762988805770874
NXT Motion_17_4_215,False,2275.6196230629153,1.7887191772460938
NXT Motion_17_4_220,False,2267.5786052387793,1.905987024307251
NXT Motion_17_4_225,False,2254.4544022116443,2.0256083011627197
NXT Motion_17_4_230,False,2272.102107564346,1.9011754989624023
NXT Motion_17_4_235,False,2270.491748053474,1.9977879524230957
NXT Motion_17_4_240,False,2259.9684965774263,2.0742549896240234
NXT Motion_17_4_245,False,2275.0214535303744,2.1785178184509277
NXT Motion_17_4_250,False,2273.8750542274383,1.9183754920959473
NXT Motion_17_5_200,False,1828.5881381754148,1.9307870864868164
NXT Motion_17_5_205,False,1841.3475550637675,1.930779218673706
NXT Motion_17_5_210,False,1823.9728044242127,1.738072156906128
NXT Motion_17_5_215,False,1814.0724479016706,1.7295494079589844
NXT Motion_17_5_220,False,1805.3359567537127,1.7917265892028809
NXT Motion_17_5_225,False,1817.4730823212747,2.037571907043457
NXT Motion_17_5_230,False,1830.2347295570644,1.9247946739196777
NXT Motion_17_5_235,False,1853.8104010342029,1.8390388488769531
NXT Motion_17_5_240,False,1811.7228099975605,1.7600390911102295
NXT Motion_17_5_245,False,1827.2059601096103,2.0047831535339355
NXT Motion_17_5_250,False,1799.647731849066,1.9075207710266113
NXT Motion_18_2_200,False,4543.282851634174,2.463373899459839
NXT Motion_18_2_205,False,4504.0261343238435,2.4331884384155273
NXT Motion_18_2_210,False,4645.0145896307195,2.5145504474639893
NXT Motion_18_2_215,False,4500.801620663463,2.376678466796875
NXT Motion_18_2_220,False,4513.843093111701,2.4778716564178467
NXT Motion_18_2_225,False,4513.160285425728,2.3589019775390625
NXT Motion_18_2_230,False,4530.718001466891,2.58842396736145
NXT Motion_18_2_235,False,4545.477540284147,2.524876356124878
NXT Motion_18_2_240,False,4578.155243528921,2.665783166885376
NXT Motion_18_2_245,False,4527.436304447923,2.5119781494140625
NXT Motion_18_2_250,False,4566.441980042067,2.5174312591552734
NXT Motion_18_3_200,False,3020.591250438805,2.4987282752990723
NXT Motion_18_3_205,False,3012.716923884786,2.230030059814453
NXT Motion_18_3_210,False,3047.6772637427134,2.377908706665039
NXT Motion_18_3_215,False,3052.4222901644534,2.0688533782958984
NXT Motion_18_3_220,False,3032.4419467988882,2.2672617435455322
NXT Motion_18_3_225,False,3028.308584618232,2.2295422554016113
NXT Motion_18_3_230,False,3067.2271037166456,2.2024168968200684
NXT Motion_18_3_235,False,3007.4271727482214,2.301764488220215
NXT Motion_18_3_240,False,3020.6689565633383,2.30861759185791
NXT Motion_18_3_245,False,3010.7173141782246,2.1811087131500244
NXT Motion_18_3_250,False,3005.440832811423,2.1136577129364014
NXT Motion_18_4_200,False,2285.0601515123985,1.9527924060821533
NXT Motion_18_4_205,False,2268.7702270843324,1.8808367252349854
NXT Motion_18_4_210,False,2264.301374614712,2.0279452800750732
NXT Motion_18_4_215,False,2250.2801774593354,1.8982398509979248
NXT Motion_18_4_220,False,2262.8805968340894,2.157855749130249
NXT Motion_18_4_225,False,2321.3832185244837,2.013062000274658
NXT Motion_18_4_230,False,2256.526917338392,2.005906343460083
NXT Motion_18_4_235,False,2297.4877201108634,2.208200454711914
NXT Motion_18_4_240,False,2250.3154110243486,2.0886588096618652
NXT Motion_18_4_245,False,2235.922091313809,2.000206232070923
NXT Motion_18_4_250,False,2252.4531674027216,1.9983203411102295
NXT Motion_18_5_200,False,1854.7620351026428,1.878937005996704
NXT Motion_18_5_205,False,1869.1253055131724,1.8607637882232666
NXT Motion_18_5_210,False,1817.29985274846,1.736680269241333
NXT Motion_18_5_215,False,1805.043012839374,1.9330253601074219
NXT Motion_18_5_220,False,1819.9136810120071,1.8364741802215576
NXT Motion_18_5_225,False,1813.9734529922289,1.7116029262542725
NXT Motion_18_5_230,False,1832.9476568429657,1.7412078380584717
NXT Motion_18_5_235,False,1854.1573111117411,1.8829307556152344
NXT Motion_18_5_240,False,1830.366426439856,1.9052238464355469
NXT Motion_18_5_245,False,1843.4625661940418,1.7818422317504883
NXT Motion_18_5_250,False,1808.3613373473004,1.8061566352844238
NXT Motion_19_2_200,False,4520.221328930941,2.627812385559082
NXT Motion_19_2_205,False,4527.654811233068,2.606579303741455
NXT Motion_19_2_210,False,4509.138402358683,2.553654670715332
NXT Motion_19_2_215,False,4611.981620213019,2.5977118015289307
NXT Motion_19_2_220,False,4567.9199421091425,2.7838425636291504
NXT Motion_19_2_225,False,4520.849656579515,2.4500513076782227
NXT Motion_19_2_230,False,4560.620649231664,2.573793649673462
NXT Motion_19_2_235,False,4509.603693276523,2.5970916748046875
NXT Motion_19_2_240,False,4508.389029305838,2.5547056198120117
NXT Motion_19_2_245,False,4523.864401615327,2.5875401496887207
NXT Motion_19_2_250,False,4544.550516916204,2.4426281452178955
NXT Motion_19_3_200,False,3053.6029221804333,2.1738200187683105
NXT Motion_19_3_205,False,3015.8374689747275,2.063075542449951
NXT Motion_19_3_210,False,3020.1143791182258,2.115253210067749
NXT Motion_19_3_215,False,3008.73392999171,2.649975299835205
NXT Motion_19_3_220,False,3032.004945333151,2.143937826156616
NXT Motion_19_3_225,False,3020.896484953562,2.34535813331604
NXT Motion_19_3_230,False,3033.6592386191,2.067206621170044
NXT Motion_19_3_235,False,3061.4426036265854,2.1099958419799805
NXT Motion_19_3_240,False,3004.0042317901884,2.1808183193206787
NXT Motion_19_3_245,False,3080.125433175661,2.1511151790618896
NXT Motion_19_3_250,False,3011.5048308885507,2.1665618419647217
NXT Motion_19_4_200,False,2266.9060552561714,2.0960118770599365
NXT Motion_19_4_205,False,2252.4507041388156,1.8712224960327148
NXT Motion_19_4_210,False,2260.395395717314,2.1439149379730225
NXT Motion_19_4_215,False,2306.079065345132,1.9197463989257812
NXT Motion_19_4_220,False,2256.385776790628,2.0592024326324463
NXT Motion_19_4_225,False,2253.8523031383106,2.0202958583831787
NXT Motion_19_4_230,False,2243.007751162184,1.8659138679504395
NXT Motion_19_4_235,False,2310.908165348762,2.009036064147949
NXT Motion_19_4_240,False,2250.7165736690804,1.8716681003570557
NXT Motion_19_4_245,False,2285.015683732776,1.9614078998565674
NXT Motion_19_4_250,False,2298.4304082578287,2.00833797454834
NXT Motion_19_5_200,False,1811.850317032047,1.9493374824523926
NXT Motion_19_5_205,False,1844.9217791225906,1.9114465713500977
NXT Motion_19_5_210,False,1811.3533656479128,1.9379844665527344
NXT Motion_19_5_215,False,1894.3081061617293,1.916788101196289
NXT Motion_19_5_220,False,1818.1186493622124,1.7576379776000977
NXT Motion_19_5_225,False,1784.3997019760398,1.9505643844604492
NXT Motion_19_5_230,False,1811.2126443402872,1.7672793865203857
NXT Motion_19_5_235,False,1863.2368999306507,1.6550991535186768
NXT Motion_19_5_240,False,1836.4697401675571,2.053602933883667
NXT Motion_19_5_245,False,1799.4664129945259,1.8530519008636475
NXT Motion_19_5_250,False,1816.590493450891,1.960906744003296
NXT Motion_1_2_200,False,4551.450656048975,2.55940318107605
NXT Motion_1_2_205,False,4546.969910494893,2.620276689529419
NXT Motion_1_2_210,False,4536.055864081877,2.6242451667785645
NXT Motion_1_2_215,False,4586.297027570394,2.542151927947998
NXT Motion_1_2_220,False,4501.4621017296995,2.6098380088806152
NXT Motion_1_2_225,False,4536.359510533693,2.4580631256103516
NXT Motion_1_2_230,False,4511.582857954676,2.474177122116089
NXT Motion_1_2_235,False,4535.045494531324,2.7814719676971436
NXT Motion_1_2_240,False,4535.666316331199,2.7332711219787598
NXT Motion_1_2_245,False,4525.150871155703,2.454742193222046
NXT Motion_1_2_250,False,4592.570052488793,2.7345516681671143
NXT Motion_1_3_200,False,3038.517555431981,2.2557640075683594
NXT Motion_1_3_205,False,3015.619048024725,2.1871490478515625
NXT Motion_1_3_210,False,3017.0453838027647,2.1841623783111572
NXT Motion_1_3_215,False,3003.512197575237,2.1963396072387695
NXT Motion_1_3_220,False,3029.9149016040005,2.215604543685913
NXT Motion_1_3_225,False,3084.1071397635314,2.0248050689697266
NXT Motion_1_3_230,False,3003.954261673373,2.1322262287139893
NXT Motion_1_3_235,False,3000.4803556975753,2.2282156944274902
NXT Motion_1_3_240,False,3026.006659073319,2.2842369079589844
NXT Motion_1_3_245,False,3065.3462808229015,2.273712396621704
NXT Motion_1_3_250,False,3023.3828870411958,2.0132505893707275
NXT Motion_1_4_200,False,2264.3091301577088,1.9620068073272705
NXT Motion_1_4_205,False,2279.010075729533,2.0341832637786865
NXT Motion_1_4_210,False,2307.9439015711205,2.040008068084717
NXT Motion_1_4_215,False,2269.5938144524907,1.8694639205932617
NXT Motion_1_4_220,False,2285.867716330289,2.139849901199341
NXT Motion_1_4_225,False,2216.258510292795,2.013991117477417
NXT Motion_1_4_230,False,2270.2272479911567,2.138439178466797
NXT Motion_1_4_235,False,2296.8699647875433,1.986677646636963
NXT Motion_1_4_240,False,2249.775460016785,1.955336332321167
NXT Motion_1_4_245,False,2291.2723592554726,2.1538829803466797
NXT Motion_1_4_250,False,2244.922227433134,2.1323583126068115
NXT Motion_1_5_200,False,1834.5571213989942,1.6974117755889893
NXT Motion_1_5_205,False,1840.1842129962663,1.808964729309082
NXT Motion_1_5_210,False,1792.235529143619,1.7855315208435059
NXT Motion_1_5_215,False,1833.4897682679537,1.9485607147216797
NXT Motion_1_5_220,False,1800.2246595397924,1.8822526931762695
NXT Motion_1_5_225,False,1884.7303334018775,1.9280400276184082
NXT Motion_1_5_230,False,1798.5900187863967,1.743330717086792
NXT Motion_1_5_235,False,1801.8714380724923,2.00193452835083
NXT Motion_1_5_240,False,1819.7778884775823,1.8902530670166016
NXT Motion_1_5_245,False,1824.4104091060933,1.7134339809417725
NXT Motion_1_5_250,False,1827.4183934613263,1.826289176940918
NXT Motion_2_2_200,False,4489.755270103536,2.5237839221954346
NXT Motion_2_2_205,False,4599.200923379831,2.5274229049682617
NXT Motion_2_2_210,False,4560.963187354707,2.4317338466644287
NXT Motion_2_2_215,False,4512.796379778577,2.4935879707336426
NXT Motion_2_2_220,False,4500.889804653171,2.362931728363037
NXT Motion_2_2_225,False,4572.841895253465,2.627420663833618
NXT Motion_2_2_230,False,4519.419367140934,2.407064437866211
NXT Motion_2_2_235,False,4526.36389530673,2.7015724182128906
NXT Motion_2_2_240,False,4644.212086504972,2.5430171489715576
NXT Motion_2_2_245,False,4571.7708705177465,2.679499864578247
NXT Motion_2_2_250,False,4527.376615942748,2.3718478679656982
NXT Motion_2_3_200,False,3000.4650590134897,2.3231682777404785
NXT Motion_2_3_205,False,3100.4988194915823,2.305335521697998
NXT Motion_2_3_210,False,3040.8356280807793,2.255753517150879
NXT Motion_2_3_215,False,3020.7237172389705,2.1583919525146484
NXT Motion_2_3_220,False,3008.3920076177683,2.1794891357421875
NXT Motion_2_3_225,False,3109.533609963039,2.270900011062622
NXT Motion_2_3_230,False,3007.5868383700467,2.241417169570923
NXT Motion_2_3_235,False,3092.095889217199,2.2023777961730957
NXT Motion_2_3_240,False,3022.657858309158,2.1047122478485107
NXT Motion_2_3_245,False,3044.4855679019133,2.315523386001587
NXT Motion_2_3_250,False,3005.396166788851,2.088958501815796
NXT Motion_2_4_200,False,2284.598687021308,2.1186106204986572
NXT Motion_2_4_205,False,2284.0151605750957,2.0102133750915527
NXT Motion_2_4_210,False,2254.2216618373955,1.8976891040802002
NXT Motion_2_4_215,False,2262.055241756404,1.7763473987579346
NXT Motion_2_4_220,False,2252.8629895494996,1.9896855354309082
NXT Motion_2_4_225,False,2290.5632787216996,2.0110130310058594
NXT Motion_2_4_230,False,2259.079311901513,2.092069387435913
NXT Motion_2_4_235,False,2296.278440809648,1.917203664779663
NXT Motion_2_4_240,False,2273.706193954109,2.0532023906707764
NXT Motion_2_4_245,False,2262.9486441309214,2.153421640396118
NXT Motion_2_4_250,False,2297.342412623046,2.0060057640075684
NXT Motion_2_5_200,False,1827.2728371719409,1.6952552795410156
NXT Motion_2_5_205,False,1822.5907404984791,1.7368390560150146
NXT Motion_2_5_210,False,1819.6774931137463,1.8666727542877197
NXT Motion_2_5_215,False,1882.924134993384,1.8726491928100586
NXT Motion_2_5_220,False,1817.185682676865,1.8721210956573486
NXT Motion_2_5_225,False,1835.096596962114,1.7189631462097168
NXT Motion_2_5_230,False,1825.0289509175716,1.9397687911987305
NXT Motion_2_5_235,False,1800.5547163021747,1.8072845935821533
NXT Motion_2_5_240,False,1771.4870805541736,1.8994946479797363
NXT Motion_2_5_245,False,1874.0651831433495,1.839433193206787
NXT Motion_2_5_250,False,1808.0904901734102,2.03348445892334
NXT Motion_3_2_200,False,4530.051403519184,2.554635524749756
NXT Motion_3_2_205,False,4535.829096856638,2.761070728302002
NXT Motion_3_2_210,False,4504.928301708881,2.6666040420532227
NXT Motion_3_2_215,False,4523.939380528845,2.5717110633850098
NXT Motion_3_2_220,False,4611.425876887806,2.908057451248169
NXT Motion_3_2_225,False,4529.199809640298,2.6201350688934326
NXT Motion_3_2_230,False,4584.429929749171,2.6931307315826416
NXT Motion_3_2_235,False,4516.904507914558,2.611823558807373
NXT Motion_3_2_240,False,4551.059147868966,2.555659294128418
NXT Motion_3_2_245,False,4627.164393432196,2.5284276008605957
NXT Motion_3_2_250,False,4539.564424053316,2.6843860149383545
NXT Motion_3_3_200,False,3042.0901149495126,2.070063352584839
NXT Motion_3_3_205,False,3163.8399849920456,2.106920003890991
NXT Motion_3_3_210,False,3130.065440013192,2.0977470874786377
NXT Motion_3_3_215,False,3054.554547219961,2.405257225036621
NXT Motion_3_3_220,False,3057.7730758821826,2.102224349975586
NXT Motion_3_3_225,False,3000.5339214211954,2.1815357208251953
NXT Motion_3_3_230,False,3083.2976123818275,2.2565324306488037
NXT Motion_3_3_235,False,3005.533935328629,2.1251707077026367
NXT Motion_3_3_240,False,3000.0956130170116,2.0731544494628906
NXT Motion_3_3_245,False,3006.8293020849646,2.2390806674957275
NXT Motion_3_3_250,False,3031.7105405052657,2.201509952545166
NXT Motion_3_4_200,False,2287.428046347378,1.9373550415039062
NXT Motion_3_4_205,False,2297.398758279573,1.8950185775756836
NXT Motion_3_4_210,False,2303.6379454453754,2.0637943744659424
NXT Motion_3_4_215,False,2242.220321025311,1.9192068576812744
NXT Motion_3_4_220,False,2253.7357477789765,1.971402883529663
NXT Motion_3_4_225,False,2285.4318572336065,2.025437355041504
NXT Motion_3_4_230,False,2297.4192189737237,1.8496208190917969
NXT Motion_3_4_235,False,2343.0672665749407,2.1090996265411377
NXT Motion_3_4_240,False,2318.5249071683584,2.030946969985962
NXT Motion_3_4_245,False,2284.8036276431026,2.0506339073181152
NXT Motion_3_4_250,False,2249.5343632099193,1.779675006866455
NXT Motion_3_5_200,False,1865.1163881248876,1.8042337894439697
NXT Motion_3_5_205,False,1830.2247421191971,1.8065011501312256
NXT Motion_3_5_210,False,1809.2422175024815,1.8968288898468018
NXT Motion_3_5_215,False,1801.5705270855638,1.7433586120605469
NXT Motion_3_5_220,False,1831.9721414390667,1.9577598571777344
NXT Motion_3_5_225,False,1824.047855102108,1.9035594463348389
NXT Motion_3_5_230,False,1806.2251210120087,1.916318416595459
NXT Motion_3_5_235,False,1837.408631630813,1.9114503860473633
NXT Motion_3_5_240,False,1819.6704901841154,1.7750821113586426
NXT Motion_3_5_245,False,1812.7000154308964,1.7699735164642334
NXT Motion_3_5_250,False,1837.7042272594438,1.8810756206512451
NXT Motion_4_2_200,False,4544.82513705705,2.531792402267456
NXT Motion_4_2_205,False,4528.251851111876,2.5506749153137207
NXT Motion_4_2_210,False,4591.727924457356,2.6349432468414307
NXT Motion_4_2_215,False,4522.83804122686,2.5220446586608887
NXT Motion_4_2_220,False,4548.033373126364,2.402388095855713
NXT Motion_4_2_225,False,4503.767921864466,2.6736767292022705
NXT Motion_4_2_230,False,4555.523239139342,2.628089666366577
NXT Motion_4_2_235,False,4670.519991801231,2.8222429752349854
NXT Motion_4_2_240,False,4509.557658342049,2.5832090377807617
NXT Motion_4_2_245,False,4506.077167187693,2.4966483116149902
NXT Motion_4_2_250,False,4506.642110383944,2.5507209300994873
NXT Motion_4_3_200,False,3006.488867081743,2.1768243312835693
NXT Motion_4_3_205,False,2996.587069764022,2.148803472518921
NXT Motion_4_3_210,False,3074.337216957238,2.274324417114258
NXT Motion_4_3_215,False,3053.919643126834,2.102543354034424
NXT Motion_4_3_220,False,3052.862468663182,2.2605931758880615
NXT Motion_4_3_225,False,3014.7828561682923,2.2165744304656982
NXT Motion_4_3_230,False,3016.5088733018124,2.2269885540008545
NXT Motion_4_3_235,False,3043.298220674129,2.16518497467041
NXT Motion_4_3_240,False,3076.765729294092,2.2741353511810303
NXT Motion_4_3_245,False,3013.315212766765,2.188502788543701
NXT Motion_4_3_250,False,3055.660019516476,2.3499386310577393
NXT Motion_4_4_200,False,2258.430374204706,1.939833641052246
NXT Motion_4_4_205,False,2277.1586597863206,1.943136215209961
NXT Motion_4_4_210,False,2260.239613804939,1.929774284362793
NXT Motion_4_4_215,False,2279.153812362502,1.9910056591033936
NXT Motion_4_4_220,False,2278.77252683769,1.9709045886993408
NXT Motion_4_4_225,False,2305.1512416426845,1.913597822189331
NXT Motion_4_4_230,False,2286.687399721794,2.1167776584625244
NXT Motion_4_4_235,False,2259.298627206986,1.8666715621948242
NXT Motion_4_4_240,False,2290.4542525662814,2.0854125022888184
NXT Motion_4_4_245,False,2259.080107943189,1.9472551345825195
NXT Motion_4_4_250,False,2273.757788407668,2.129201650619507
NXT Motion_4_5_200,False,1806.1014565502758,1.852431297302246
NXT Motion_4_5_205,False,1881.655119808344,1.9534268379211426
NXT Motion_4_5_210,False,1873.1352580160333,1.8826565742492676
NXT Motion_4_5_215,False,1819.3567656411337,1.913250207901001
NXT Motion_4_5_220,False,1825.8482187718032,1.656691312789917
NXT Motion_4_5_225,False,1816.232055516383,1.8740923404693604
NXT Motion_4_5_230,False,1804.4792956284,1.7622740268707275
NXT Motion_4_5_235,False,1828.493735201344,1.825861930847168
NXT Motion_4_5_240,False,1811.928172707656,1.7550756931304932
NXT Motion_4_5_245,False,1817.8000987642142,1.8357176780700684
NXT Motion_4_5_250,False,1804.814353897248,1.8439860343933105
NXT Motion_5_2_200,False,4504.467730378062,2.455101728439331
NXT Motion_5_2_205,False,4536.239245950451,2.6128084659576416
NXT Motion_5_2_210,False,4525.594590008093,2.445784568786621
NXT Motion_5_2_215,False,4556.467161179309,2.579932928085327
NXT Motion_5_2_220,False,4536.147024457621,2.407038688659668
NXT Motion_5_2_225,False,4500.735776691335,2.4311585426330566
NXT Motion_5_2_230,False,4581.263806205137,2.402369976043701
NXT Motion_5_2_235,False,4578.529809972406,2.605578660964966
NXT Motion_5_2_240,False,4528.848284091963,2.406033992767334
NXT Motion_5_2_245,False,4531.252526914333,2.592670202255249
NXT Motion_5_2_250,False,4494.976945397132,2.5422346591949463
NXT Motion_5_3_200,False,3009.189129120915,2.2158937454223633
NXT Motion_5_3_205,False,3007.2617666770616,2.1032841205596924
NXT Motion_5_3_210,False,3056.6973778392585,2.3494441509246826
NXT Motion_5_3_215,False,3027.794175422051,2.2465786933898926
NXT Motion_5_3_220,False,3012.675759527211,2.285261631011963
NXT Motion_5_3_225,False,3028.5366586391738,2.1437745094299316
NXT Motion_5_3_230,False,3004.537479446299,2.0178096294403076
NXT Motion_5_3_235,False,3010.567566681385,2.35994291305542
NXT Motion_5_3_240,False,3022.616796238622,2.288038492202759
NXT Motion_5_3_245,False,3008.273275762399,2.290907382965088
NXT Motion_5_3_250,False,3028.4501311584013,2.0172855854034424
NXT Motion_5_4_200,False,2328.8368089437845,2.0804436206817627
NXT Motion_5_4_205,False,2272.4571819908356,1.905592441558838
NXT Motion_5_4_210,False,2263.626577942587,1.8514502048492432
NXT Motion_5_4_215,False,2357.581243110705,2.0057640075683594
NXT Motion_5_4_220,False,2309.7088854255403,1.9719417095184326
NXT Motion_5_4_225,False,2286.1182793834146,1.9477555751800537
NXT Motion_5_4_230,False,2325.6081556229187,1.9682397842407227
NXT Motion_5_4_235,False,2253.678774345676,2.040316581726074
NXT Motion_5_4_240,False,2258.035237945956,2.0407557487487793
NXT Motion_5_4_245,False,2264.5533128009065,2.1451876163482666
NXT Motion_5_4_250,False,2282.330205053039,1.9391705989837646
NXT Motion_5_5_200,False,1797.0367663778147,1.9805145263671875
NXT Motion_5_5_205,False,1812.9664808445714,1.9015185832977295
NXT Motion_5_5_210,False,1813.9733367080553,2.059215784072876
NXT Motion_5_5_215,False,1831.6859458681351,1.6909980773925781
NXT Motion_5_5_220,False,1807.9310451949166,1.7547156810760498
NXT Motion_5_5_225,False,1822.109388498474,1.8032221794128418
NXT Motion_5_5_230,False,1822.4343367972413,1.8333113193511963
NXT Motion_5_5_235,False,1829.9365832291817,1.91471529006958
NXT Motion_5_5_240,False,1832.2397762447986,1.932154893875122
NXT Motion_5_5_245,False,1870.8282567964181,1.887068748474121
NXT Motion_5_5_250,False,1795.4674512589797,1.8257875442504883
NXT Motion_6_2_200,False,4518.826662157969,2.4384942054748535
NXT Motion_6_2_205,False,4514.317067248915,2.4990744590759277
NXT Motion_6_2_210,False,4486.9128914936555,2.5041894912719727
NXT Motion_6_2_215,False,4592.083442151155,2.5755488872528076
NXT Motion_6_2_220,False,4509.798359910648,2.545304298400879
NXT Motion_6_2_225,False,4504.468157970366,2.5947892665863037
NXT Motion_6_2_230,False,4532.064270078045,2.4737253189086914
NXT Motion_6_2_235,False,4539.9605011669,2.573665142059326
NXT Motion_6_2_240,False,4527.519167576192,2.5113394260406494
NXT Motion_6_2_245,False,4519.5305238600085,2.5979971885681152
NXT Motion_6_2_250,False,4534.521054908271,2.4950835704803467
NXT Motion_6_3_200,False,3061.119758358433,2.0413601398468018
NXT Motion_6_3_205,False,3050.2963316943715,2.384742498397827
NXT Motion_6_3_210,False,3031.216352342624,2.105259418487549
NXT Motion_6_3_215,False,3015.0119739279316,2.2017645835876465
NXT Motion_6_3_220,False,3035.007261358071,2.0344109535217285
NXT Motion_6_3_225,False,3030.518846680288,2.193230390548706
NXT Motion_6_3_230,False,3146.529596313719,2.290167808532715
NXT Motion_6_3_235,False,3007.6180938011184,2.2606241703033447
NXT Motion_6_3_240,False,3059.1047881438667,2.1439449787139893
NXT Motion_6_3_245,False,3016.6364942854384,2.118370771408081
NXT Motion_6_3_250,False,3022.894490370832,2.2138137817382812
NXT Motion_6_4_200,False,2272.3501612097693,1.924955129623413
NXT Motion_6_4_205,False,2276.151602411145,1.881866216659546
NXT Motion_6_4_210,False,2271.868507661484,2.0458180904388428
NXT Motion_6_4_215,False,2288.1253720503373,1.94639253616333
NXT Motion_6_4_220,False,2320.7133249321178,1.7962658405303955
NXT Motion_6_4_225,False,2274.3755194851296,2.1200740337371826
NXT Motion_6_4_230,False,2264.4270500999182,1.8975560665130615
NXT Motion_6_4_235,False,2321.504769906195,2.2577385902404785
NXT Motion_6_4_240,False,2290.121074211937,1.906135082244873
NXT Motion_6_4_245,False,2281.700141066012,1.9863574504852295
NXT Motion_6_4_250,False,2272.980050679576,2.0056207180023193
NXT Motion_6_5_200,False,1816.4115410473007,1.8055148124694824
NXT Motion_6_5_205,False,1828.8986444428465,1.9635488986968994
NXT Motion_6_5_210,False,1801.8269390676483,1.8641438484191895
NXT Motion_6_5_215,False,1815.9830713230313,1.9607603549957275
NXT Motion_6_5_220,False,1848.8704232083703,1.7812778949737549
NXT Motion_6_5_225,False,1834.7583115470925,1.9264304637908936
NXT Motion_6_5_230,False,1806.5239006131917,1.9298739433288574
NXT Motion_6_5_235,False,1821.5028993478095,2.049867630004883
NXT Motion_6_5_240,False,1811.221840471801,1.9508473873138428
NXT Motion_6_5_245,False,1813.7055359521396,1.9959208965301514
NXT Motion_6_5_250,False,1817.351144489283,1.6968908309936523
NXT Motion_7_2_200,False,4506.574750689291,2.62931227684021
NXT Motion_7_2_205,False,4505.757518000931,2.4380054473876953
NXT Motion_7_2_210,False,4591.344209483682,2.5514535903930664
NXT Motion_7_2_215,False,4548.093996344718,2.4961984157562256
NXT Motion_7_2_220,False,4564.005586481154,2.7473864555358887
NXT Motion_7_2_225,False,4591.078226194318,2.662282943725586
NXT Motion_7_2_230,False,4516.94827164869,2.6013216972351074
NXT Motion_7_2_235,False,4556.391815277623,2.6582746505737305
NXT Motion_7_2_240,False,4507.354369773194,2.570244073867798
NXT Motion_7_2_245,False,4532.693084667028,2.4253199100494385
NXT Motion_7_2_250,False,4492.134838705008,2.399125814437866
NXT Motion_7_3_200,False,3049.539381375161,2.177196502685547
NXT Motion_7_3_205,False,3044.8516829398122,2.1075754165649414
NXT Motion_7_3_210,False,3065.4460966401225,2.213165044784546
NXT Motion_7_3_215,False,3006.9278161534817,2.1547224521636963
NXT Motion_7_3_220,False,3059.126820947138,2.453707218170166
NXT Motion_7_3_225,False,2993.039199026838,2.247234344482422
NXT Motion_7_3_230,False,3007.792412735428,2.2291808128356934
NXT Motion_7_3_235,False,3034.825808828134,2.242017984390259
NXT Motion_7_3_240,False,3030.5718677696427,2.2885522842407227
NXT Motion_7_3_245,False,3008.155142000031,2.190945863723755
NXT Motion_7_3_250,False,3014.582276637566,2.258883237838745
NXT Motion_7_4_200,False,2329.552172706829,2.1535696983337402
NXT Motion_7_4_205,False,2302.207525880591,1.976532220840454
NXT Motion_7_4_210,False,2261.8493379488723,1.925055980682373
NXT Motion_7_4_215,False,2302.5592558979843,2.0173873901367188
NXT Motion_7_4_220,False,2267.6509340844746,1.9764487743377686
NXT Motion_7_4_225,False,2271.1465588428164,2.0175130367279053
NXT Motion_7_4_230,False,2291.057283350369,2.045179605484009
NXT Motion_7_4_235,False,2301.206306953862,1.9681825637817383
NXT Motion_7_4_240,False,2364.5048114322144,2.12069034576416
NXT Motion_7_4_245,False,2332.571748962964,2.170403480529785
NXT Motion_7_4_250,False,2267.1765540022884,1.9192969799041748
NXT Motion_7_5_200,False,1877.7280204339918,1.7212486267089844
NXT Motion_7_5_205,False,1806.9912631318416,1.8828377723693848
NXT Motion_7_5_210,False,1825.2143550693233,1.8985958099365234
NXT Motion_7_5_215,False,1845.4078057505678,1.7930145263671875
NXT Motion_7_5_220,False,1820.8290506289334,1.854959487915039
NXT Motion_7_5_225,False,1812.3103590567148,2.0929794311523438
NXT Motion_7_5_230,False,1846.9562902533817,1.840548038482666
NXT Motion_7_5_235,False,1801.061935188092,1.9257371425628662
NXT Motion_7_5_240,False,1805.3587139145836,1.8088345527648926
NXT Motion_7_5_245,False,1843.4056078524368,1.895012378692627
NXT Motion_7_5_250,False,1840.9108983877752,1.9895126819610596
NXT Motion_8_2_200,False,4608.323741427995,2.5115396976470947
NXT Motion_8_2_205,False,4548.276536649469,2.641547918319702
NXT Motion_8_2_210,False,4500.277404314522,2.4351983070373535
NXT Motion_8_2_215,False,4633.68732695079,2.7985503673553467
NXT Motion_8_2_220,False,4564.380919107124,2.5962040424346924
NXT Motion_8_2_225,False,4506.042465151166,2.6787140369415283
NXT Motion_8_2_230,False,4510.781246882886,2.4011034965515137
NXT Motion_8_2_235,False,4555.60826833776,2.6428349018096924
NXT Motion_8_2_240,False,4583.061931768865,2.553394317626953
NXT Motion_8_2_245,False,4548.435163799485,2.6663575172424316
NXT Motion_8_2_250,False,4589.600676329737,2.761176347732544
NXT Motion_8_3_200,False,3021.804297004323,2.1771023273468018
NXT Motion_8_3_205,False,2997.7177067294388,2.1611130237579346
NXT Motion_8_3_210,False,3066.9418464520177,2.0418360233306885
NXT Motion_8_3_215,False,3096.891324188218,2.130208969116211
NXT Motion_8_3_220,False,3140.8244014635034,2.1776134967803955
NXT Motion_8_3_225,False,3026.7512542491404,2.2397103309631348
NXT Motion_8_3_230,False,3064.6234316565215,2.218416690826416
NXT Motion_8_3_235,False,3003.2279912552667,2.2428476810455322
NXT Motion_8_3_240,False,3041.1056459474826,2.26865816116333
NXT Motion_8_3_245,False,2994.312587044117,2.514878988265991
NXT Motion_8_3_250,False,3007.222465882112,2.1416385173797607
NXT Motion_8_4_200,False,2285.52740085419,1.8276007175445557
NXT Motion_8_4_205,False,2283.3799868440665,1.8836784362792969
NXT Motion_8_4_210,False,2265.6227981141633,1.9749431610107422
NXT Motion_8_4_215,False,2285.347305251747,2.090244770050049
NXT Motion_8_4_220,False,2253.7565300127676,1.978839635848999
NXT Motion_8_4_225,False,2306.808282731324,1.8735520839691162
NXT Motion_8_4_230,False,2310.947824526902,1.891498327255249
NXT Motion_8_4_235,False,2277.616655494145,1.8940536975860596
NXT Motion_8_4_240,False,2249.8590298685886,1.9889910221099854
NXT Motion_8_4_245,False,2250.467068445457,2.2910358905792236
NXT Motion_8_4_250,False,2255.4438207448757,1.9512732028961182
NXT Motion_8_5_200,False,1902.6975840366779,2.084092617034912
NXT Motion_8_5_205,False,1818.8511983906608,1.7054340839385986
NXT Motion_8_5_210,False,1841.4555355794305,2.321882724761963
NXT Motion_8_5_215,False,1816.6548412646878,1.9526631832122803
NXT Motion_8_5_220,False,1803.4411551841447,1.939502239227295
NXT Motion_8_5_225,False,1839.3703309137916,1.8505887985229492
NXT Motion_8_5_230,False,1811.2068667516803,1.8209471702575684
NXT Motion_8_5_235,False,1802.8582261985775,1.8565824031829834
NXT Motion_8_5_240,False,1930.2056511049304,2.118567943572998
NXT Motion_8_5_245,False,1821.468084368412,1.9042742252349854
NXT Motion_8_5_250,False,1800.5114021342335,1.854374885559082
NXT Motion_9_2_200,False,4661.404999062575,2.829364776611328
NXT Motion_9_2_205,False,4608.738850575556,2.58836030960083
NXT Motion_9_2_210,False,4514.4834512016605,2.5596680641174316
NXT Motion_9_2_215,False,4593.281376561532,2.6205716133117676
NXT Motion_9_2_220,False,4551.545271651101,2.420440673828125
NXT Motion_9_2_225,False,4502.226015308721,2.3307411670684814
NXT Motion_9_2_230,False,4522.269407749342,2.6583189964294434
NXT Motion_9_2_235,False,4560.149451067015,2.529139995574951
NXT Motion_9_2_240,False,4549.661240343489,2.6718177795410156
NXT Motion_9_2_245,False,4547.612359300161,2.6557459831237793
NXT Motion_9_2_250,False,4505.714116257916,2.6825029850006104
NXT Motion_9_3_200,False,3026.1560910778007,2.1060757637023926
NXT Motion_9_3_205,False,3001.65446445193,2.258078098297119
NXT Motion_9_3_210,False,3042.6520293386175,2.175832509994507
NXT Motion_9_3_215,False,3106.2019250876583,2.1880266666412354
NXT Motion_9_3_220,False,3003.2749121150823,2.266164541244507
NXT Motion_9_3_225,False,3016.050857349535,2.2292089462280273
NXT Motion_9_3_230,False,3013.3954227523022,2.1094980239868164
NXT Motion_9_3_235,False,2998.137320948288,2.1513004302978516
NXT Motion_9_3_240,False,3027.824842111554,2.3407678604125977
NXT Motion_9_3_245,False,3011.4126103275053,2.2070319652557373
NXT Motion_9_3_250,False,3043.8184105621867,2.2184669971466064
NXT Motion_9_4_200,False,2307.813178490232,1.965254783630371
NXT Motion_9_4_205,False,2361.785358838868,2.026383399963379
NXT Motion_9_4_210,False,2282.7736729468447,1.9567182064056396
NXT Motion_9_4_215,False,2273.96244676064,1.8267030715942383
NXT Motion_9_4_220,False,2252.4336793647767,1.9809317588806152
NXT Motion_9_4_225,False,2294.0123809344936,2.0045559406280518
NXT Motion_9_4_230,False,2255.419622946686,1.9170527458190918
NXT Motion_9_4_235,False,2279.3101094587973,2.133828639984131
NXT Motion_9_4_240,False,2261.262507543509,1.943091869354248
NXT Motion_9_4_245,False,2264.790624050188,2.0861992835998535
NXT Motion_9_4_250,False,2318.0041158067293,2.038114070892334
NXT Motion_9_5_200,False,1793.4708854706787,1.7505362033843994
NXT Motion_9_5_205,False,1803.4348665052255,1.8523643016815186
NXT Motion_9_5_210,False,1959.0422753889898,1.8820366859436035
NXT Motion_9_5_215,False,1814.6898905468586,1.6871824264526367
NXT Motion_9_5_220,False,1852.8776980905209,1.9404878616333008
NXT Motion_9_5_225,False,1815.4877145910436,1.99558424949646
NXT Motion_9_5_230,False,1805.1031663075505,1.8623135089874268
NXT Motion_9_5_235,False,1801.4460111361404,1.9777042865753174
NXT Motion_9_5_240,False,1807.1767125506951,1.9104936122894287
NXT Motion_9_5_245,False,1809.7822318495334,1.989250659942627
NXT Motion_9_5_250,False,1829.4566226690076,1.7454967498779297
Projection optics box (POB)_0.5,False,2.2261615864463816e-05,0.20836448669433594
Projection optics box (POB)_0.51,False,2.2712647477835682e-05,0.2860727310180664
Projection optics box (POB)_0.52,False,2.192394410351304e-05,0.18769621849060059
Projection optics box (POB)_0.53,False,2.2474520337167165e-05,0.1825106143951416
Projection optics box (POB)_0.54,False,2.3565522485080014e-05,0.2752058506011963
Projection optics box (POB)_0.55,False,2.4509531459936693e-05,0.20742392539978027
Projection optics box (POB)_0.56,False,2.2071658008727356e-05,0.1850295066833496
Projection optics box (POB)_0.57,False,2.2329107789930006e-05,0.22368407249450684
Projection optics box (POB)_0.58,False,2.641940747320866e-05,0.19954872131347656
Projection optics box (POB)_0.59,False,2.278371644530905e-05,0.1928415298461914
Projection optics box (POB)_0.6,False,2.2371511797079587e-05,0.23130202293395996
Projection optics box (POB)_0.61,False,2.34900040207222e-05,0.18227744102478027
Projection optics box (POB)_0.62,False,2.5332856949698123e-05,0.21596479415893555
Projection optics box (POB)_0.63,False,2.240278464605252e-05,0.16916847229003906
Projection optics box (POB)_0.64,False,2.3612577175394355e-05,0.17228055000305176
Projection optics box (POB)_0.65,False,2.1647302854136038e-05,0.2008507251739502
Projection optics box (POB)_0.66,False,2.3221888055098835e-05,0.18559956550598145
Projection optics box (POB)_0.67,False,2.296066705632025e-05,0.17460203170776367
Projection optics box (POB)_0.68,False,2.091200119077864e-05,0.1890871524810791
Projection optics box (POB)_0.69,False,2.866155023066172e-05,0.19025921821594238
Projection optics box (POB)_0.7,False,2.2353457384595938e-05,0.17824268341064453
Projection optics box (POB)_0.71,False,2.5984405449135173e-05,0.20638704299926758
Projection optics box (POB)_0.72,False,2.170806290510073e-05,0.16058707237243652
Projection optics box (POB)_0.73,False,2.1956241607182657e-05,0.19829416275024414
Projection optics box (POB)_0.74,False,2.3906409328142644e-05,0.1958906650543213
Projection optics box (POB)_0.75,False,2.7577892931801078e-05,0.1728227138519287
Projection optics box (POB)_0.76,False,2.3861984501764746e-05,0.20642328262329102
Projection optics box (POB)_0.77,False,2.260581040235171e-05,0.1549234390258789
Projection optics box (POB)_0.78,False,2.327905258133139e-05,0.15216732025146484
Projection optics box (POB)_0.79,False,2.7294270703093066e-05,0.20458531379699707
Projection optics box (POB)_0.8,False,2.3227865013961728e-05,0.15833282470703125
Projection optics box (POB)_0.81,False,2.2866977922045958e-05,0.16367459297180176
Projection optics box (POB)_0.82,False,2.1621725324254073e-05,0.18583297729492188
Projection optics box (POB)_0.83,False,2.466325053619272e-05,0.16834688186645508
Projection optics box (POB)_0.84,False,2.2334851351477624e-05,0.16346526145935059
Projection optics box (POB)_0.85,False,2.9404770461092405e-05,0.1940009593963623
Projection optics box (POB)_0.86,False,2.252952695446181e-05,0.15219664573669434
Projection optics box (POB)_0.87,False,2.1758520575549523e-05,0.1602182388305664
Projection optics box (POB)_0.88,False,2.1576386971831465e-05,0.19093871116638184
Projection optics box (POB)_0.89,False,2.8875479678676053e-05,0.15371465682983398
Projection optics box (POB)_0.9,False,2.336712146739097e-05,0.19072961807250977
Projection optics box (POB)_0.91,False,2.227192710269169e-05,0.13557028770446777
Projection optics box (POB)_0.92,False,2.383065871119414e-05,0.15127801895141602
Projection optics box (POB)_0.93,False,2.2276272753695702e-05,0.16906356811523438
Projection optics box (POB)_0.94,False,2.4270459994935815e-05,0.14698100090026855
Projection optics box (POB)_0.95,False,2.250449109246009e-05,0.16272449493408203
Projection optics box (POB)_0.96,False,2.760901161945333e-05,0.21236324310302734
Projection optics box (POB)_0.97,False,2.165265832468863e-05,0.13923287391662598
Projection optics box (POB)_0.98,False,2.5170282075080553e-05,0.1420278549194336
Projection optics box (POB)_0.99,False,2.3518073190060733e-05,0.18067312240600586
